﻿<?xml version="1.0" encoding="utf-8"?>
<data>
  <menu>
  </menu>
  <roaming>
    <visitedScenes>
    </visitedScenes>
    <statements></statements>
    <affinity red="0" green="0" blue="0" />
    <inventory itemsCount="0">
    </inventory>
  </roaming>
  <slot1 used="false">
    <date></date>
    <time></time>
    <scene></scene>
    <playerCoords>
      <x></x>
      <y></y>
    </playerCoords>
    <inventory itemsCount="0" />
    <statements></statements>
    <affinity red="0" green="0" blue="0" />
  </slot1>
  <slot2 used="false">
        <date></date>
    <time></time>
    <scene></scene>
    <playerCoords>
      <x></x>
      <y></y>
    </playerCoords>
    <inventory itemsCount="0" />
    <statements></statements>
    <affinity red="0" green="0" blue="0" />
  </slot2>
  <slot3 used="false">
       <date></date>
    <time></time>
    <scene></scene>
    <playerCoords>
      <x></x>
      <y></y>
    </playerCoords>
    <inventory itemsCount="0" />
    <statements></statements>
    <affinity red="0" green="0" blue="0" />
  </slot3>
  <sceneNames>
    <scene0>Main Menu</scene0>
    <scene1>opening</scene1>
    <scene2>My room</scene2>
    <scene3>Home</scene3>
    <scene4>Red Garden</scene4>
    <scene5>Red Arcade</scene5>
    <scene6>Red SkaterRink</scene6>
    <scene7>Red Diner</scene7>
    <scene8>Home</scene8>
    <scene9>
    </scene9>
  </sceneNames>
</data>